Время;Тяга;Скорость ;Масса;Высота ;Апогей;Перегей;Орбитальная скорость;StageDeltaV;VesselDeltaV;Pressure
2,00;1268,85;10;75,46;102,79;97;0;175;1412;2861;99,96
4,00;1269,39;25;74,55;138,12;158;0;177;1349;2803;99,44
6,00;1270,37;39;73,64;202,34;271;0;179;1336;2798;98,5
8,00;1271,77;54;72,73;296,1;436;0;183;1323;2798;97,13
10,00;1273,77;70;71,82;420,03;657;0;188;1259;2752;95,35
12,00;1275,93;85;70,91;574,68;935;0;194;1246;2759;93,17
14,00;1278,37;101;70;760,5;1271;0;202;1182;2720;90,59
16,00;1281,04;116;69,09;977,79;1665;0;210;1168;2733;87,66
18,00;1283,86;132;68,18;1226,56;2116;0;221;1154;2750;84,39
20,00;1287,07;148;67,27;1506,8;2625;0;233;1087;2720;80,83
22,00;1290,02;164;66,36;1818,55;3193;0;246;1071;2740;77,01
24,00;1292,95;180;65,45;2161,91;3821;0;260;1004;2711;72,98
26,00;1295,82;196;64,54;2537,02;4509;0;275;988;2734;68,77
28,00;1298,61;213;63,63;2944;5259;0;290;970;2757;64,43
30,00;1301,57;229;62,72;3382,98;6071;0;307;899;2732;59,99
32,00;1304,13;246;61,81;3854,11;6946;0;324;880;2755;55,52
34,00;1306,58;264;60,9;4357,5;7886;0;342;808;2726;51,04
36,00;1308,91;281;59,99;4893,31;8892;0;360;788;2747;46,59
38,00;1311,14;299;59,08;5461,55;9955;0;379;766;2767;42,23
40,00;1313,47;316;58,17;6060,81;11048;0;397;690;2735;37,99
42,00;1315,48;333;57,26;6689,71;12192;0;416;666;2750;33,93
44,00;1317,39;351;56,35;7348,55;13407;0;436;590;2710;30,0119
46,00;1319,22;370;55,44;8037,9;14694;0;456;566;2720;26,39
48,00;1320,96;389;54,53;8758,43;16063;0;477;539;2727;22,96
50,00;1322,75;410;53,62;9511,36;17533;0;500;458;2678;19,082024
52,00;1324,24;432;52,71;10298,47;19122;0;524;430;2677;16,97
54,00;1325,61;456;51,8;11121,92;20851;0;550;349;2620;14,44
56,00;1326,85;482;50,89;11984,24;22740;0;578;319;2612;13
58,00;1327,98;511;49,98;12888,24;24812;0;608;288;2600;12
60,00;1329,08;541;49,07;13836,72;27084;0;640;201;2531;11
62,00;1329,97;574;48,16;14832,33;29569;0;675;168;2512;10
64,00;1330,74;608;47,25;15877,42;32277;0;711;81;2436;9
66,00;1331,41;644;46,34;16973,94;35222;0;749;46;2412;8
68,00;1331,98;682;45,43;18123,81;38428;0;788;10;2385;7
70,00;323,54;689;35,65;19306,91;39844;0;797;1176;2371;6
72,00;323,63;690;35,42;20482,39;40842;0;800;1158;2358;4
74,00;323,7;692;35,2;21650,01;41857;0;804;1141;2345;3
76,00;323,76;694;34,98;22810,37;42885;0;808;1122;2329;2
78,00;323,81;696;34,76;23963,97;43924;0;813;1103;2314;1
80,00;323,84;699;34,54;25111,19;44972;0;818;1083;2295;0,97
82,00;323,87;703;34,31;26252,36;46026;0;823;1064;2278;0,79
84,00;323,9;707;34,09;27387,77;47084;0;829;1047;2263;0,64
86,00;323,91;711;33,87;28517,64;48144;0;836;1029;2246;0,52
88,00;323,93;716;33,65;29642,02;49199;0;842;1009;2227;0,43
90,00;323,94;721;33,43;30760,69;50238;0;850;987;2206;0,35
92,00;323,95;727;33,21;31873,12;51253;0;857;969;2187;0,29
94,00;323,96;732;32,98;32978,57;52232;0;865;952;2171;0,24
96,00;323,97;738;32,76;34076,07;53166;0;873;931;2150;0,2
98,00;323,97;745;32,54;35164,41;54049;0;882;909;2129;0,17
100,00;323,98;751;32,32;36241,99;54865;0;891;889;2109;0,14
102,00;323,98;758;32,1;37306,8;55594;0;900;871;2092;0,12
104,00;323,98;765;31,88;38356,39;56214;0;910;851;2071;0,1
106,00;323,99;771;31,65;39387,75;56711;0;919;830;2051;0,09
108,00;323,99;778;31,43;40397,38;57070;0;929;808;2029;0,07
110,00;323,99;784;31,21;41381,42;57279;0;938;789;2010;0,06
112,00;323,99;790;30,99;42336,68;57387;0;947;767;1988;0,06
114,00;323,99;797;30,77;43261,42;57455;0;957;748;1969;0,05
116,00;323,99;805;30,54;44155,07;57511;0;968;727;1948;0,04
118,00;323,99;813;30,32;45017,63;57562;0;979;704;1925;0,04
120,00;323,99;823;30,012024;45849,33;57607;0;990;683;1904;0,03
122,00;324;833;29,88;46650,49;57654;0;1003;662;1883;0,03
124,00;324;844;29,66;47421,36;57700;0;1016;640;1861;0,02
126,00;324;856;29,44;48162,18;57740;0;1030;619;1840;0,02
128,00;324;869;29,21;48873,29;57778;0;1045;595;1817;0,02
130,00;324;882;28,99;49555;57818;0;1060;573;1795;0,02
132,00;324;897;28,77;50207,59;57856;0;1076;552;1773;0,02
134,00;324;912;28,55;50831,42;57889;0;1092;529;1750;0,01
136,00;324;928;28,33;51426,89;57924;0;1110;507;1728;0,01
138,00;324;944;28,112024;51994,33;57960;0;1127;483;1704;0,01
140,00;324;961;27,88;52534,11;57991;0;1145;460;1681;0,01
142,00;324;979;27,66;53046,69;58023;0;1164;437;1658;0,01
144,00;324;998;27,44;53532,46;58056;0;1184;414;1635;0,01
146,00;324;1017;27,22;53991,82;58085;0;1203;391;1612;0,01
148,00;324;1036;27;54425,26;58114;0;1224;365;1586;0,01
150,00;324;1057;26,77;54833,22;58145;0;1245;341;1563;0,01
152,00;324;1077;26,55;55216,12;58172;0;1266;317;1539;0,01
154,00;324;1099;26,33;55574,5;58198;0;1288;294;1515;0,01
156,00;324;1120;26,112024;55908,83;58226;0;1310;270;1491;0,01
158,00;324;1143;25,89;56219,56;58249;0;1333;243;1464;0,01
160,00;324;1165;25,67;56507,27;58273;0;1356;218;1439;0
162,00;324;1189;25,44;56772,47;58296;0;1379;193;1415;0
164,00;324;1212;25,22;57015,65;58315;0;1403;168;1390;0
166,00;324;1236;25;57237,43;58336;0;1427;143;1364;0
168,00;324;1261;24,78;57438,33;58354;0;1452;115;1336;0
170,00;324;1286;24,56;57618,93;58369;0;1477;89;1311;0
172,00;324;1311;24,34;57779,88;58386;0;1503;63;1285;0
174,00;324;1337;2411,2024;57921,7;58398;0;1529;37;1259;0
176,00;324;1363;23,89;58045,09;58410;0;1555;11;1232;0
178,00;243,99;1387;19,82;58151,01;58426;0;1579;869;1612;0
180,00;243,99;1412;19,67;58241,03;58440;0;1603;843;1585;0
182,00;243,99;1436;19,53;58315,01;58447;0;1628;818;1340;0
184,00;243,99;1461;19,38;58373,11;58453;0;1653;794;1536;0
186,00;243,99;1486;19,24;58415,8;58456;0;1678;769;1291;0
188,00;243,99;1511;19,012024;58443,68;58458;0;1703;744;1486;0
190,00;243,99;1537;18,95;58457,4;58459;0;1729;716;1459;0
192,00;243,99;1562;18,81;58457,63;58459;0;1754;691;1213;0
194,00;243,99;1589;18,66;58445,06;58458;0;1781;665;1408;0
196,00;243,99;1615;18,52;58420,38;58456;0;1807;640;1162;0
198,00;243,99;1642;18,37;58384,32;58455;0;1833;614;1356;0
200,00;243,99;1668;18,23;58337,62;58453;0;1860;585;1327;0
202,00;243,99;1695;18,02024;58281,02;58452;0;1887;559;1081;0
204,00;243,99;1723;17,94;58215,28;58452;0;1915;532;1274;0
206,00;243,99;1750;17,79;58141,18;58454;0;1942;505;1028;0
208,00;243,99;1778;17,65;58059,52;58459;0;1970;478;1221;0
210,00;243,99;1806;17,51;57971,11;58470;0;1998;449;1191;0
212,00;243,99;1835;17,36;57876,78;58487;0;2026;421;943;0
214,00;243,99;1863;17,22;57777,36;58515;0;2055;393;1136;0
216,00;243,99;1892;17,072024;57673,72;58557;0;2084;366;888;0
218,00;243,99;1921;16,93;57566,71;58623;0;2113;337;1080;0
220,00;243,99;1950;16,78;57457,23;58723;0;2142;306;1048;0
222,00;243,99;1980;16,64;57346,17;58881;0;2171;278;800;0
224,00;243,99;2010;16,49;57234,45;59140;0;2201;249;991;0
226,00;243,99;2040;16,35;57123;59602;0;2231;220;742;0
228,00;243,99;2070;16,21;57012,74;60551;0;2261;190;932;0
230,00;243,99;2100;16,062024;56904,63;63130;21104;2292;158;900;0
232,00;243,99;2131;15,92;56799,64;73653;44135;2323;128;650;0
234,00;243,99;2162;15,77;56698,74;101710;52252;2353;98;840;0
236,00;243,99;2193;15,63;56602,92;138698;54371;2385;67;589;0
238,00;141,7;2222;15,052024;56513,09;175781;55134;2413;38;781;0
240,00;15,87;2228;15,47;56427,79;184645;55231;2420;30;773;0
242,00;243,99;2230;15,46;56344,04;186012;55243;2421;29;552;0
244,00;243,99;2230;15,46;56263,66;186841;55249;2422;29;551;0
246,00;243,99;2231;15,46;56187,21;186779;55248;2422;29;771;0,01
248,00;243,99;2231;15,46;56113,69;186717;55247;2422;29;771;0,01
250,00;243,99;2231;15,46;56043,13;186655;55247;2422;29;551;0,01
252,00;243,99;2231;15,46;55975,51;186592;55246;2423;29;551;0,01
254,00;243,99;2231;15,46;55910,85;186528;55246;2423;29;551;0,01
256,00;243,99;2232;15,46;55849,14;186463;55245;2423;29;771;0,01
258,00;243,99;2232;15,46;55790,38;186398;55245;2423;29;771;0,01
260,00;243,99;2232;15,46;55734,59;186333;55244;2423;29;551;0,01
262,00;243,99;2232;15,46;55681,76;186266;55244;2423;29;551;0,01
264,00;243,99;2232;15,46;55631,9;186200;55243;2423;29;551;0,01
266,00;243,99;2232;15,46;55584,99;186132;55243;2424;29;771;0,01
268,00;243,99;2233;15,46;55541,06;186064;55242;2424;29;771;0,01
270,00;243,99;2233;15,46;55500,1;186895;55244;2424;28;550;0,01
272,00;243,99;2233;15,46;55462,11;186826;55243;2424;28;550;0,01
274,00;243,99;2233;15,46;55427,11;186757;55243;2425;28;550;0,01
276,00;243,99;2233;15,46;55395,1;186687;55242;2425;28;770;0,01
278,00;243,99;2234;15,46;55366,09;186617;55242;2425;28;770;0,01
280,00;243,99;2234;15,46;55340,06;186547;55242;2425;28;550;0,01
282,00;243,99;2234;15,46;55317,03;186476;55241;2425;28;550;0,01
284,00;243,99;2234;15,46;55296,98;186405;55241;2425;28;550;0,01
286,00;243,99;2234;15,46;55279,93;186334;55241;2425;28;770;0,01
288,00;243,99;2234;15,46;55265,86;186263;55241;2425;28;770;0,01
290,00;243,99;2234;15,46;55254,79;186192;55240;2425;28;550;0,01
292,00;243,99;2234;15,46;55246,7;186120;55240;2425;28;550;0,01
294,00;243,99;2234;15,46;55241,6;186048;55240;2425;28;550;0,01
296,00;243,99;2234;15,46;55239,5;186878;55239;2425;27;770;0,01
298,00;243,99;2234;15,46;55240,44;186805;55239;2425;27;770;0,01
300,00;243,99;2234;15,46;55244,29;186734;55239;2425;27;550;0,01
302,00;243,99;2234;15,46;55251,19;186662;55239;2425;27;550;0,01
304,00;243,99;2234;15,46;55261,09;186591;55238;2425;27;550;0,01
306,00;243,99;2234;15,46;55273,99;186519;55238;2425;27;770;0,01
308,00;243,99;2234;15,46;55289,87;186448;55238;2425;27;770;0,01
310,00;243,99;2234;15,46;55308,75;186377;55237;2425;27;550;0,01
312,00;243,99;2233;15,46;55330,62;186306;55237;2425;27;550;0,01
314,00;243,99;2233;15,46;55355,47;186235;55237;2424;27;550;0,01
316,00;243,99;2233;15,46;55383,31;186165;55236;2424;27;770;0,01
318,00;243,99;2233;15,46;55414,12;186095;55236;2424;27;770;0,01
320,00;243,99;2233;15,46;55447,91;186025;55236;2424;27;550;0,01
322,00;243,99;2233;15,45;55484,68;186855;55237;2424;27;549;0,01
324,00;243,99;2233;15,45;55524,45;186786;55236;2424;27;549;0,01
326,00;243,99;2233;15,45;55567,21;186718;55236;2424;27;769;0,01
328,00;243,99;2233;15,45;55612,94;186649;55235;2424;27;769;0,01
330,00;243,99;2232;15,45;55661,64;186582;55235;2424;27;549;0,01
332,00;243,99;2232;15,45;55713,31;186515;55234;2423;27;549;0,01
334,00;243,99;2232;15,45;55767,95;186448;55234;2423;27;549;0,01
336,00;243,99;2232;15,45;55825,55;186382;55233;2423;27;769;0,01
338,00;243,99;2231;15,45;55886,1;186317;55233;2423;27;769;0,01
340,00;243,99;2231;15,45;55949,6;186252;55232;2422;27;549;0,01
342,00;243,99;2231;15,45;56016,05;186188;55232;2422;27;549;0,01
344,00;243,99;2231;15,45;56085,43;186125;55231;2422;27;549;0,01
346,00;243,99;2230;15,45;56157,74;186062;55231;2422;27;769;0,01
348,00;243,99;2230;15,45;56232,99;186001;55230;2421;27;769;0
350,00;243,99;2230;15,45;56311,19;186834;55235;2422;26;548;0
352,00;243,99;2230;15,45;56392,33;186774;55234;2421;26;548;0
354,00;243,99;2230;15,45;56476,39;186714;55233;2421;26;548;0
356,00;243,99;2229;15,45;56565,14;186654;55232;2421;26;768;0
358,00;243,99;2229;15,45;56653,26;186597;55232;2420;26;768;0
360,00;243,99;2228;15,45;56746,07;186540;55231;2420;26;548;0
362,00;243,99;2228;15,45;56841,76;186484;55230;2420;26;548;0
364,00;243,99;2228;15,45;56940,36;186429;55229;2419;26;548;0
366,00;243,99;2227;15,45;57041,83;186375;55228;2419;26;768;0
368,00;243,99;2227;15,45;57146,18;186321;55227;2418;26;768;0
370,00;243,99;2226;15,45;57253,4;186269;55226;2418;26;548;0
372,00;243,99;2226;15,45;57363,48;186217;55226;2418;26;548;0
374,00;243,99;2226;15,45;57476,42;186167;55225;2417;26;548;0
376,00;243,99;2225;15,45;57592,2;186117;55224;2417;26;768;0
378,00;243,99;2225;15,45;57710,82;186069;55223;2416;26;768;0
380,00;243,99;2224;15,45;57832,26;186021;55221;2416;26;548;0
382,00;243,99;2224;15,45;57956,55;186859;55235;2416;26;548;0
384,00;243,99;2224;15,45;58083,69;186813;55234;2416;26;548;0
386,00;243,99;2223;15,45;58213,65;186769;55233;2415;26;768;0
388,00;243,99;2223;15,45;58346,42;186725;55232;2415;26;768;0
390,00;243,99;2222;15,45;58481,99;186683;55231;2414;26;548;0
392,00;243,99;2222;15,45;58620,36;186642;55230;2414;26;548;0
394,00;243,99;2221;15,45;58761,51;186602;55228;2413;26;548;0
396,00;243,99;2221;15,45;58905,43;186563;55227;2413;26;768;0
398,00;243,99;2220;15,45;59052,12;186525;55226;2412;26;768;0
400,00;243,99;2219;15,45;59201,56;186488;55225;2412;26;548;0
402,00;244;2219;15,45;59353,75;186453;55224;2411;26;548;0
404,00;244;2218;15,45;59508,67;186418;55222;2410;26;548;0
406,00;244;2218;15,45;59666,31;186384;55221;2410;26;768;0
408,00;244;2217;15,45;59826,66;186352;55220;2409;26;768;0
410,00;244;2216;15,45;59989,72;186320;55219;2409;26;548;0
412,00;244;2216;15,45;60155,47;186289;55218;2408;26;548;0
414,00;244;2215;15,45;60323,91;186259;55216;2408;26;548;0
416,00;244;2215;15,45;60495,01;186230;55215;2407;26;768;0
418,00;244;2214;15,45;60668,77;186202;55214;2406;26;768;0
420,00;244;2213;15,45;60845,18;186174;55213;2406;26;548;0
422,00;244;2213;15,45;61024,22;186147;55211;2405;26;548;0
424,00;244;2212;15,45;61205,9;186121;55210;2405;26;548;0
426,00;244;2211;15,45;61390,18;186096;55209;2404;26;768;0
428,00;244;2211;15,45;61577,07;186072;55208;2403;26;768;0
430,00;244;2210;15,45;61766,54;186048;55206;2403;26;548;0
432,00;244;2209;15,45;61958,6;186025;55205;2402;26;548;0
434,00;244;2208;15,45;62153,22;186002;55204;2401;26;548;0
436,00;244;2208;15,44;62350,46;186835;55241;2401;25;767;0
438,00;244;2208;15,44;62550,27;186813;55240;2401;25;767;0
440,00;244;2207;15,44;62752,62;186793;55239;2400;25;547;0
442,00;244;2206;15,44;62957,51;186773;55238;2399;25;547;0
444,00;244;2205;15,44;63164,93;186754;55236;2398;25;547;0
446,00;244;2205;15,44;63374,85;186735;55235;2398;25;767;0
448,00;244;2204;15,44;63587,26;186718;55234;2397;25;767;0
450,00;244;2203;15,44;63802,17;186701;55233;2396;25;547;0
452,00;244;2202;15,44;64019,54;186684;55232;2396;25;547;0
454,00;244;2201;15,44;64239,36;186669;55230;2395;25;547;0
456,00;244;2201;15,44;64461,64;186654;55229;2394;25;767;0
458,00;244;2200;15,44;64686,34;186640;55228;2393;25;767;0
460,00;244;2199;15,44;64913,46;186627;55227;2392;25;547;0
462,00;244;2198;15,44;65142,98;186614;55226;2392;25;547;0
464,00;244;2197;15,44;65374,89;186603;55225;2391;25;547;0
466,00;244;2196;15,44;65609,17;186592;55224;2390;25;767;0
468,00;244;2195;15,44;65845,82;186582;55223;2389;25;767;0
470,00;244;2195;15,44;66084,82;186573;55222;2389;25;547;0
472,00;244;2194;15,44;66326,14;186564;55221;2388;25;547;0
474,00;244;2193;15,44;66569,79;186557;55221;2387;25;547;0
476,00;244;2192;15,44;66815,74;186550;55220;2386;25;767;0
478,00;244;2191;15,44;67063,99;186545;55219;2385;25;767;0
480,00;244;2190;15,44;67314,5;186540;55219;2384;25;547;0
482,00;244;2189;15,44;67567,28;186535;55218;2384;25;547;0
484,00;244;2188;15,44;67822,31;186532;55218;2383;25;547;0
486,00;244;2187;15,44;68079,57;186529;55217;2382;25;767;0
488,00;244;2186;15,44;68339,05;186526;55217;2381;25;767;0
490,00;244;2186;15,44;68600,73;186524;55216;2380;25;547;0
492,00;244;2185;15,44;68864,6;186523;55216;2379;25;547;0
494,00;244;2184;15,44;69130,64;186522;55216;2378;25;547;0
496,00;244;2183;15,44;69404,22;186521;55215;2377;25;767;0
498,00;244;2182;13,73;69669,16;186426;55206;2377;28;770;0
500,00;244;2181;13,73;69941,62;186426;55206;2376;28;770;0
502,00;244;2180;13,73;70209,66;186544;55196;2375;28;770;0
504,00;244;2179;13,73;70485,51;186646;55192;2374;28;770;0
506,00;244;2178;13,73;70764,27;186572;55190;2373;28;770;0
508,00;244;2177;13,73;71045,77;186437;55179;2372;28;770;0
510,00;244;2176;13,73;71329,22;186383;55173;2371;28;770;0
512,00;244;2175;13,73;71614,62;186377;55171;2370;28;770;0
514,00;244;2174;13,73;71902,01;186377;55171;2369;28;770;0
516,00;244;2173;13,73;72191,36;186377;55171;2368;28;770;0
518,00;244;2171;13,73;72487,01;186377;55171;2367;28;770;0
520,00;244;2170;13,73;72786,58;186377;55171;2366;28;770;0
522,00;244;2169;13,73;73105,62;186377;55171;2365;28;770;0
524,00;244;2168;13,73;73390,79;186377;55171;2364;28;770;0
526,00;244;2167;13,73;73736,59;186377;55171;2363;28;770;0
528,00;244;2166;13,73;74021,4;186377;55171;2362;28;770;0
530,00;244;2165;13,73;74331,95;186377;55171;2361;28;770;0
532,00;244;2164;13,73;74668,89;186377;55171;2360;28;770;0
534,00;244;2162;13,73;75019,24;186377;55171;2359;28;770;0
536,00;244;2161;13,73;75345,85;186377;55171;2358;28;770;0
538,00;244;2160;13,73;75618,32;186377;55171;2357;28;770;0
540,00;244;2159;13,73;75914,76;186377;55171;2356;28;770;0
542,00;244;2158;13,73;76235,52;186377;55171;2355;28;770;0
544,00;244;2156;13,73;76701,55;186377;55171;2353;28;770;0
546,00;244;2156;13,73;76951,32;186377;55171;2352;28;770;0
548,00;244;2155;13,73;77212,42;186377;55171;2352;28;770;0
550,00;244;2153;13,73;77625,58;186377;55171;2350;28;770;0
553,00;244;2152;13,73;78064,93;186377;55171;2349;28;770;0
555,00;244;2151;13,73;78372,56;186377;55171;2348;28;770;0
558,00;244;2148;13,73;79021,28;186377;55171;2346;28;770;0
560,00;244;2147;13,73;79352;186377;55171;2345;28;770;0
562,00;244;2146;13,73;79684,31;186377;55171;2344;28;770;0
564,00;244;2145;13,73;80018,2;186377;55171;2342;28;770;0
566,00;244;2144;13,73;80353,65;186377;55171;2341;28;770;0
569,00;244;2142;13,73;80859,72;186377;55171;2340;28;770;0
571,00;244;2141;13,73;81199,01;186377;55171;2339;28;770;0
573,00;244;2139;13,73;81539,79;186377;55171;2337;28;770;0
575,00;244;2138;13,73;81882,06;186377;55171;2336;28;770;0
577,00;244;2137;13,73;82225,8;186377;55171;2335;28;770;0
579,00;244;2136;13,73;82570,99;186377;55171;2334;28;770;0
582,00;244;2134;13,73;83091,45;186377;55171;2332;28;770;0
584,00;244;2133;13,73;83440,18;186377;55171;2331;28;770;0
586,00;244;2131;13,73;83790,3;186377;55171;2330;28;770;0
589,00;244;2130;13,73;84318,04;186377;55171;2328;28;770;0
591,00;244;2128;13,73;84671,56;186377;55171;2327;28;770;0
593,00;244;2127;13,73;85026,39;186377;55171;2326;28;770;0
595,00;244;2126;13,73;85382,54;186377;55171;2325;28;770;0
598,00;244;2124;13,73;85919,18;186377;55171;2323;28;770;0
600,00;244;2123;13,73;86278,52;186377;55171;2322;28;770;0
603,00;244;2121;13,73;86819,86;186377;55171;2320;28;770;0
606,00;244;2119;13,73;87363,95;186377;55171;2319;28;770;0
608,00;244;2118;13,73;87728,18;186377;55171;2317;28;770;0
610,00;244;2116;13,73;88093,57;186377;55171;2316;28;770;0
613,00;244;2114;13,73;88643,84;186377;55171;2315;28;770;0
615,00;244;2113;13,73;89012,09;186377;55171;2313;28;770;0
617,00;244;2112;13,73;89381,47;186377;55171;2312;28;770;0
619,00;244;2111;13,73;89751,94;186377;55171;2311;28;770;0
621,00;244;2109;13,73;90123,49;186377;55171;2310;28;770;0
624,00;244;2107;13,73;90682,79;186377;55171;2308;28;770;0
627,00;244;2105;13,73;91244,42;186377;55171;2306;28;770;0
629,00;244;2104;13,73;91620,11;186377;55171;2305;28;770;0
631,00;244;2103;13,73;91996,78;186377;55171;2304;28;770;0
634,00;244;2101;13,73;92563,61;186377;55171;2302;28;770;0
637,00;244;2099;13,73;93132,57;186377;55171;2300;28;770;0
639,00;244;2097;13,73;93513,02;186377;55171;2299;28;770;0
641,00;244;2096;13,73;93894,38;186377;55171;2298;28;770;0
643,00;244;2095;13,73;94276,63;186377;55171;2296;28;770;0
646,00;244;2093;13,73;94851,61;186377;55171;2295;28;770;0
648,00;244;2091;13,73;95235,98;186377;55171;2293;28;770;0
650,00;244;2090;13,73;95621,18;186377;55171;2292;28;770;0
652,00;244;2089;13,73;96007,19;186377;55171;2291;28;770;0
654,00;244;2087;13,73;96393,98;186377;55171;2290;28;770;0
656,00;244;2086;13,73;96781,54;186377;55171;2288;28;770;0
658,00;244;2085;13,73;97169,85;186377;55171;2287;28;770;0
660,00;244;2083;13,73;97558,9;186377;55171;2286;28;770;0
662,00;244;2082;13,73;97948,67;186377;55171;2285;28;770;0
665,00;244;2080;13,73;98534,62;186377;55171;2283;28;770;0
667,00;244;2079;13,73;98926,11;186377;55171;2282;28;770;0
669,00;244;2077;13,73;99318,25;186377;55171;2280;28;770;0
671,00;244;2076;13,73;99711,03;186377;55171;2279;28;770;0
673,00;244;2075;13,73;100104,43;186377;55171;2278;28;770;0
675,00;244;2073;13,73;100498,44;186377;55171;2277;28;770;0
677,00;244;2072;13,73;100893,04;186377;55171;2275;28;770;0
680,00;244;2070;13,73;101485,99;186377;55171;2274;28;770;0
682,00;244;2069;13,73;101881,98;186377;55171;2272;28;770;0
684,00;244;2067;13,73;102278,5;186377;55171;2271;28;770;0
686,00;244;2066;13,73;102675,53;186377;55171;2270;28;770;0
688,00;244;2064;13,73;103073,05;186377;55171;2269;28;770;0
690,00;244;2063;13,73;103471,05;186377;55171;2267;28;770;0
692,00;244;2062;13,73;103869,51;186377;55171;2266;28;770;0
694,00;244;2060;13,73;104268,42;186377;55171;2265;28;770;0
696,00;244;2059;13,73;104667,74;186377;55171;2264;28;770;0
698,00;244;2058;13,73;105067,48;186377;55171;2262;28;770;0
700,00;244;2056;13,73;105467,61;186377;55171;2261;28;770;0
702,00;244;2055;13,73;105868,12;186377;55171;2260;28;770;0
705,00;244;2053;13,73;106469,54;186377;55171;2258;28;770;0
707,00;244;2051;13,73;106870,91;186377;55171;2257;28;770;0
709,00;244;2050;13,73;107272,6;186377;55171;2255;28;770;0
711,00;244;2049;13,73;107674,59;186377;55171;2254;28;770;0
713,00;244;2047;13,73;108076,86;186377;55171;2253;28;770;0
715,00;244;2046;13,73;108479,4;186377;55171;2252;28;770;0
718,00;244;2044;13,73;109083,68;186377;55171;2250;28;770;0
721,00;244;2042;13,73;109688,47;186377;55171;2248;28;770;0
724,00;244;2040;13,73;110293,71;186377;55171;2246;28;770;0
726,00;244;2038;13,73;110697,43;186377;55171;2245;28;770;0
728,00;244;2037;13,73;111101,31;186377;55171;2243;28;770;0
730,00;244;2036;13,73;111505,34;186377;55171;2242;28;770;0
732,00;244;2034;13,73;111909,5;186377;55171;2241;28;770;0
734,00;244;2033;13,73;112313,77;186377;55171;2240;28;770;0
737,00;244;2031;13,73;112920,35;186377;55171;2238;28;770;0
739,00;244;2029;13,73;113324,83;186377;55171;2237;28;770;0
741,00;244;2028;13,73;113729,37;186377;55171;2235;28;770;0
743,00;244;2027;13,73;114133,95;186377;55171;2234;28;770;0
745,00;244;2025;13,73;114538,56;186377;55171;2233;28;770;0
747,00;244;2024;13,73;114943,18;186377;55171;2232;28;770;0
749,00;244;2023;13,73;115347,79;186377;55171;2230;28;770;0
751,00;244;2021;13,73;115752,39;186377;55171;2229;28;770;0
753,00;244;2020;13,73;116156,94;186377;55171;2228;28;770;0
755,00;244;2019;13,73;116561,44;186377;55171;2227;28;770;0
757,00;244;2017;13,73;116965,88;186377;55171;2225;28;770;0
759,00;244;2016;13,73;117370,23;186377;55171;2224;28;770;0
762,00;244;2014;13,73;117976,57;186377;55171;2222;28;770;0
764,00;244;2012;13,73;118380,65;186377;55171;2221;28;770;0
767,00;244;2010;13,73;118986,51;186377;55171;2219;28;770;0
769,00;244;2009;13,73;119390,22;186377;55171;2218;28;770;0
771,00;244;2008;13,73;119793,75;186377;55171;2217;28;770;0
773,00;244;2006;13,73;120197,1;186377;55171;2215;28;770;0
775,00;244;2005;13,73;120604,28;186377;55171;2214;28;770;0
779,00;244;2003;13,73;121244,75;186377;55171;2212;28;770;0
781,00;244;2001;13,73;121691,5;186377;55171;2211;28;770;0
783,00;244;2000;13,73;122154,03;186377;55171;2209;28;770;0
785,00;244;1998;13,73;122632,29;186377;55171;2208;28;770;0
787,00;244;1997;13,73;122877,29;186377;55171;2207;28;770;0
789,00;244;1996;13,73;123379;186377;55171;2206;28;770;0
792,00;244;1994;13,73;123896,21;186377;55171;2204;28;770;0
794,00;244;1992;13,73;124428,83;186377;55171;2202;28;770;0
797,00;244;1990;13,73;124976,83;186377;55171;2201;28;770;0
800,00;244;1988;13,73;125540,1;186377;55171;2199;28;770;0
803,00;244;1986;13,73;126118,55;186377;55171;2197;28;770;0
805,00;244;1984;13,73;126712,05;186377;55171;2195;28;770;0
807,00;244;1983;13,73;127014,41;186377;55171;2194;28;770;0
810,00;244;1981;13,73;127630,22;186377;55171;2193;28;770;0
812,00;244;1980;13,73;127943,64;186377;55171;2192;28;770;0
816,00;244;1977;13,73;128905,8;186377;55171;2189;28;770;0
818,00;244;1976;13,73;129233,76;186377;55171;2188;28;770;0
820,00;244;1975;13,73;129565,31;186377;55171;2187;28;770;0
825,00;244;1972;13,73;130581,26;186377;55171;2184;28;770;0
827,00;244;1970;13,73;130926,94;186377;55171;2183;28;770;0
830,00;244;1968;13,73;131628,63;186377;55171;2180;28;770;0
834,00;244;1966;13,73;132343,96;186377;55171;2178;28;770;0
837,00;244;1963;13,73;133072,76;186377;55171;2176;28;770;0
841,00;244;1961;13,73;133814,8;186377;55171;2174;28;770;0
843,00;244;1960;13,73;134190,72;186377;55171;2173;28;770;0
845,00;244;1958;13,73;134569,84;186377;55171;2172;28;770;0
847,00;244;1957;13,73;134952,16;186377;55171;2170;28;770;0
851,00;244;1955;13,73;135722,36;186377;55171;2168;28;770;0
853,00;244;1953;13,73;136106,36;186377;55171;2167;28;770;0
855,00;244;1952;13,73;136489,6;186377;55171;2166;28;770;0
859,00;244;1949;13,73;137253,76;186377;55171;2163;28;770;0
861,00;244;1948;13,73;137634,67;186377;55171;2162;28;770;0
865,00;244;1946;13,73;138394,05;186377;55171;2160;28;770;0
867,00;244;1944;13,73;138772,5;186377;55171;2159;28;770;0
869,00;244;1943;13,73;139150,12;186377;55171;2158;28;770;0
873,00;244;1941;13,73;139902,78;186377;55171;2156;28;770;0
875,00;244;1939;13,73;140277,81;186377;55171;2154;28;770;0
877,00;244;1938;13,73;140651,95;186377;55171;2153;28;770;0
881,00;244;1936;13,73;141397,52;186377;55171;2151;28;770;0
883,00;244;1935;13,73;141768,92;186377;55171;2150;28;770;0
887,00;244;1932;13,73;142508,93;186377;55171;2148;28;770;0
889,00;244;1931;13,73;142877,5;186377;55171;2147;28;770;0
893,00;244;1929;13,73;143611,73;186377;55171;2144;28;770;0
897,00;244;1926;13,73;144342;186377;55171;2142;28;770;0
901,00;244;1924;13,73;145068,23;186377;55171;2140;28;770;0
905,00;244;1921;13,73;145790,32;186377;55171;2138;28;770;0
907,00;244;1920;13,73;146149,79;186377;55171;2137;28;770;0
911,00;244;1918;13,73;146865,52;186377;55171;2135;28;770;0
913,00;244;1917;13,73;147221,76;186377;55171;2134;28;770;0
915,00;244;1916;13,73;147576,9;186377;55171;2133;28;770;0
919,00;244;1913;13,73;148283,85;186377;55171;2131;28;770;0
921,00;244;1912;13,73;148635,63;186377;55171;2130;28;770;0
923,00;244;1911;13,73;148986,28;186377;55171;2129;28;770;0
925,00;244;1910;13,73;149335,77;186377;55171;2127;28;770;0
929,00;244;1908;13,73;150031,28;186377;55171;2125;28;770;0
931,00;244;1906;13,73;150377,27;186377;55171;2124;28;770;0
933,00;244;1905;13,73;150722,07;186377;55171;2123;28;770;0
935,00;244;1904;13,73;151065,67;186377;55171;2122;28;770;0
939,00;244;1902;13,73;151749,23;186377;55171;2120;28;770;0
941,00;244;1901;13,73;152089,17;186377;55171;2119;28;770;0
943,00;244;1900;13,73;152427,88;186377;55171;2118;28;770;0
945,00;244;1899;13,73;152765,34;186377;55171;2117;28;770;0
947,00;244;1898;13,73;153101,54;186377;55171;2116;28;770;0
951,00;244;1895;13,73;153770,13;186377;55171;2114;28;770;0
953,00;244;1894;13,73;154102,5;186377;55171;2113;28;770;0
955,00;244;1893;13,73;154433,58;186377;55171;2112;28;770;0
959,00;244;1891;13,73;155091,81;186377;55171;2111;28;770;0
961,00;244;1890;13,73;155418,95;186377;55171;2110;28;770;0
965,00;244;1888;13,73;156069,23;186377;55171;2108;28;770;0
967,00;244;1887;13,73;156392,35;186377;55171;2107;28;770;0
969,00;244;1886;13,73;156714,11;186377;55171;2106;28;770;0
973,00;244;1884;13,73;157353,53;186377;55171;2104;28;770;0
975,00;244;1883;13,73;157671,16;186377;55171;2103;28;770;0
977,00;244;1882;13,73;157987,41;186377;55171;2102;28;770;0
979,00;244;1881;13,73;158302,25;186377;55171;2101;28;770;0
983,00;244;1879;13,73;158927,7;186377;55171;2099;28;770;0
985,00;244;1878;13,73;159238,29;186377;55171;2098;28;770;0
987,00;244;1877;13,73;159547,45;186377;55171;2097;28;770;0
989,00;244;1876;13,73;159855,17;186377;55171;2097;28;770;0
991,00;244;1875;13,73;160161,43;186377;55171;2096;28;770;0
995,00;244;1873;13,73;160769,57;186377;55171;2094;28;770;0
999,00;244;1871;13,73;161371,82;186377;55171;2092;28;770;0
1003,00;244;1869;13,73;161968,1;186377;55171;2090;28;770;0
1007,00;244;1867;13,73;162558,36;186377;55171;2089;28;770;0
1011,00;244;1865;13,73;163142,53;186377;55171;2087;28;770;0
1015,00;244;1863;13,73;163720,55;186377;55171;2085;28;770;0
1019,00;244;1861;13,73;164292,38;186377;55171;2084;28;770;0
1023,00;244;1860;13,73;164857,93;186377;55171;2082;28;770;0
1027,00;244;1858;13,73;165417,17;186377;55171;2080;28;770;0
1031,00;244;1856;13,73;165970,03;186377;55171;2079;28;770;0
1035,00;244;1854;13,73;166516,45;186377;55171;2077;28;770;0
1039,00;244;1853;13,73;167056,39;186377;55171;2076;28;770;0
1043,00;244;1851;13,73;167589,79;186377;55171;2074;28;770;0
1047,00;244;1849;13,73;168116,59;186377;55171;2073;28;770;0
1051,00;244;1847;13,73;168636,74;186377;55171;2071;28;770;0
1055,00;244;1846;13,73;169150,19;186377;55171;2070;28;770;0
1059,00;244;1844;13,73;169656,9;186377;55171;2068;28;770;0
1063,00;244;1843;13,73;170156,81;186377;55171;2067;28;770;0
1067,00;244;1841;13,73;170649,87;186377;55171;2065;28;770;0
1071,00;244;1840;13,73;171136,03;186377;55171;2064;28;770;0
1075,00;244;1838;13,73;171615,25;186377;55171;2063;28;770;0
1079,00;244;1836;13,73;172087,49;186377;55171;2061;28;770;0
1083,00;244;1835;13,73;172552,69;186377;55171;2060;28;770;0
1085,00;244;1834;13,73;172782,64;186377;55171;2059;28;770;0
1087,00;244;1834;13,73;173010,82;186377;55171;2059;28;770;0
1089,00;244;1833;13,73;173237,21;186377;55171;2058;28;770;0
1091,00;244;1832;13,73;173461,82;186377;55171;2057;28;770;0
1093,00;244;1831;13,73;173684,64;186377;55171;2057;28;770;0
1097,00;244;1830;13,73;174124,89;186377;55171;2055;28;770;0
1099,00;244;1829;13,73;174342,3;186377;55171;2055;28;770;0
1101,00;244;1829;13,73;174557,91;186377;55171;2054;28;770;0
1103,00;244;1828;13,73;174771,7;186377;55171;2053;28;770;0
1105,00;244;1827;13,73;174983,66;186377;55171;2053;28;770;0
1107,00;244;1827;13,73;175193,8;186377;55171;2052;28;770;0
1109,00;244;1826;13,73;175402,11;186377;55171;2052;28;770;0
1111,00;244;1825;13,73;175608,58;186377;55171;2051;28;770;0
1113,00;244;1825;13,73;175813,21;186377;55171;2050;28;770;0
1117,00;244;1823;13,73;176216,93;186377;55171;2049;28;770;0
1119,00;244;1823;13,73;176416,01;186377;55171;2049;28;770;0
1121,00;244;1822;13,73;176613,23;186377;55171;2048;28;770;0
1123,00;244;1821;13,73;176808,59;186377;55171;2048;28;770;0
1125,00;244;1821;13,73;177002,07;186377;55171;2047;28;770;0
1127,00;244;1820;13,73;177193,69;186377;55171;2047;28;770;0
1129,00;244;1820;13,73;177383,43;186377;55171;2046;28;770;0
1133,00;244;1818;13,73;177757,25;186377;55171;2045;28;770;0
1137,00;244;1817;13,73;178123,51;186377;55171;2044;28;770;0
1141,00;244;1816;13,73;178482,18;186377;55171;2043;28;770;0
1145,00;244;1815;13,73;178833,22;186377;55171;2042;28;770;0
1149,00;244;1814;13,73;179176,61;186377;55171;2041;28;770;0
1153,00;244;1813;13,73;179512,3;186377;55171;2040;28;770;0
1155,00;244;1812;13,73;179677,26;186377;55171;2039;28;770;0
1157,00;244;1812;13,73;179840,28;186377;55171;2039;28;770;0
1159,00;244;1811;13,73;180001,36;186377;55171;2039;28;770;0
1161,00;244;1811;13,73;180160,5;186377;55171;2038;28;770;0
1163,00;244;1810;13,73;180317,7;186377;55171;2038;28;770;0
1167,00;244;1809;13,73;180626,25;186377;55171;2037;28;770;0
1169,00;244;1809;13,73;180777,59;186377;55171;2036;28;770;0
1171,00;244;1808;13,73;180926,98;186377;55171;2036;28;770;0
1173,00;244;1808;13,73;181074,41;186377;55171;2035;28;770;0
1175,00;244;1807;13,73;181219,87;186377;55171;2035;28;770;0
1177,00;244;1807;13,73;181363,36;186377;55171;2035;28;770;0
1179,00;244;1807;13,73;181504,88;186377;55171;2034;28;770;0
1181,00;244;1806;13,73;181644,43;186377;55171;2034;28;770;0
1183,00;244;1806;13,73;181782;186377;55171;2033;28;770;0
1185,00;244;1805;13,73;181917,59;186377;55171;2033;28;770;0
1189,00;244;1804;13,73;182182,81;186377;55171;2032;28;770;0
1191,00;244;1804;13,73;182312,45;186377;55171;2032;28;770;0
1193,00;244;1804;13,73;182440,08;186377;55171;2032;28;770;0
1195,00;244;1803;13,73;182565,73;186377;55171;2031;28;770;0
1197,00;244;1803;13,73;182689,38;186377;55171;2031;28;770;0
1199,00;244;1802;13,73;182811,03;186377;55171;2031;28;770;0
1203,00;244;1802;13,73;183048,31;186377;55171;2030;28;770;0
1205,00;244;1801;13,73;183163,94;186377;55171;2030;28;770;0
1207,00;244;1801;13,73;183277,56;186377;55171;2029;28;770;0
1209,00;244;1801;13,73;183389,17;186377;55171;2029;28;770;0
1211,00;244;1800;13,73;183498,76;186377;55171;2029;28;770;0
1213,00;244;1800;13,73;183605,27;186377;55171;2028;28;770;0
1215,00;244;1800;13,73;183708,75;186377;55171;2028;28;770;0
1219,00;244;1799;13,73;183906,87;186377;55171;2027;28;770;0
1221,00;244;1799;13,73;184001,61;186377;55171;2027;28;770;0
1223,00;244;1798;13,73;184093,55;186377;55171;2027;28;770;0
1225,00;244;1798;13,73;184182,75;186377;55171;2027;28;770;0
1230,00;244;1797;13,73;184434,46;186377;55171;2026;28;770;0
1232,00;244;1797;13,73;184513,23;186377;55171;2026;28;770;0
1234,00;244;1797;13,73;184589,54;186377;55171;2026;28;770;0
1237,00;244;1796;13,73;184734,93;186377;55171;2025;28;770;0
1239,00;244;1796;13,73;184804,12;186377;55171;2025;28;770;0
1241,00;244;1796;13,73;184871,05;186377;55171;2025;28;770;0
1244,00;244;1796;13,73;184998,31;186377;55171;2024;28;770;0
1246,00;244;1795;13,73;185058,73;186377;55171;2024;28;770;0
1249,00;244;1795;13,73;185173,44;186377;55171;2024;28;770;0
1252,00;244;1795;13,73;185280,27;186377;55171;2024;28;770;0
1256,00;244;1794;13,73;185426,56;186377;55171;2023;28;770;0
1258,00;244;1794;13,73;185471,78;186377;55171;2023;28;770;0
1261,00;244;1794;13,73;185557,18;186377;55171;2023;28;770;0
1263,00;244;1794;13,73;185613,05;186377;55171;2023;28;770;0
1265,00;244;1793;13,73;185665,21;186377;55171;2022;28;770;0
1267,00;244;1793;13,73;185713,87;186377;55171;2022;28;770;0
1269,00;244;1793;13,73;185759,19;186377;55171;2022;28;770;0
1271,00;244;1793;13,73;185801,35;186377;55171;2022;28;770;0
1273,00;244;1793;13,73;185859,02;186377;55171;2022;28;770;0
1275,00;244;1793;13,73;185910,49;186377;55171;2022;28;770;0
1277,00;244;1793;13,73;185941,61;186377;55171;2022;28;770;0
1279,00;244;1792;13,73;185983,87;186377;55171;2022;28;770;0
1281,00;244;1792;13,73;186032,64;186377;55171;2021;28;770;0
1283,00;244;1792;13,73;186054,06;186377;55171;2021;28;770;0
1285,00;244;1792;13,73;186091,55;186377;55171;2021;28;770;0
1287,00;244;1792;13,73;186122,58;186377;55171;2021;28;770;0
1289,00;244;1792;13,73;186153,41;186377;55171;2021;28;770;0
1291,00;244;1792;13,73;186180,32;186377;55171;2021;28;770;0
1293,00;244;1792;13,73;186206,45;186377;55171;2021;28;770;0
1295,00;244;1792;13,73;186232;186377;55171;2021;28;770;0
1297,00;244;1792;13,73;186255,47;186377;55171;2021;28;770;0
1299,00;244;1791;13,73;186276,87;186377;55171;2021;28;770;0
1301,00;244;1791;13,73;186296,18;186377;55171;2021;28;770;0
1303,00;244;1791;13,73;186312,69;186377;55171;2021;28;770;0
1305,00;244;1791;13,73;186328,14;186377;55171;2021;28;770;0
1307,00;244;1791;13,73;186340,02;186377;55171;2021;28;770;0
1309,00;244;1791;13,73;186351,21;186377;55171;2021;28;770;0
1311,00;244;1791;13,73;186360,2;186377;55180;2021;28;771;0
